{
  "EfficientNet-B3": 0.3313427025950335,
  "ViT-B-16": 0.08747778558789213,
  "ConvNeXt-Base": 0.5811795111880875
}