{
  "best_alpha": 2.6927131417559284e-06,
  "mae_weight": 2.6927131417559284e-06,
  "r2_weight": 0.9999973072868582
}